date,trend_regime,volatility_regime,trend_probability,volatility_value,final_regime,regime_description
2023-02-23,Bear,High-Vol,0.9899373789476933,0.009267182553966297,Panic Selloff,Downward trend with high volatility - Market stress/crisis
2023-02-24,Bear,Low-Vol,0.9910926777846261,0.008089729739372475,Quiet Bear,Downward trend with low volatility - Steady decline
2023-02-27,Bear,Low-Vol,0.9847183434824739,0.008349491242180625,Quiet Bear,Downward trend with low volatility - Steady decline
2023-02-28,Bear,High-Vol,0.9881595899809561,0.00947204055652883,Panic Selloff,Downward trend with high volatility - Market stress/crisis
2023-03-01,Bear,Low-Vol,0.9680626760101722,0.008107300343483526,Quiet Bear,Downward trend with low volatility - Steady decline
2023-03-02,Bear,High-Vol,0.9236563713888399,0.009264478829403747,Panic Selloff,Downward trend with high volatility - Market stress/crisis
2023-03-03,Bear,High-Vol,0.7835318843045134,0.009245758032233648,Panic Selloff,Downward trend with high volatility - Market stress/crisis
2023-03-06,Bear,High-Vol,0.9436220120192301,0.012961860188472937,Panic Selloff,Downward trend with high volatility - Market stress/crisis
2023-03-08,Bear,Low-Vol,0.957541602994464,0.008175627425028135,Quiet Bear,Downward trend with low volatility - Steady decline
2023-03-09,Bear,Low-Vol,0.8853973734745314,0.008215951482587483,Quiet Bear,Downward trend with low volatility - Steady decline
2023-03-10,Bear,High-Vol,0.6237142589010978,0.00906413147562036,Panic Selloff,Downward trend with high volatility - Market stress/crisis
2023-03-13,Bear,High-Vol,0.5568052569395977,0.011911380354562653,Panic Selloff,Downward trend with high volatility - Market stress/crisis
2023-03-14,Bear,High-Vol,0.8954427440265265,0.013147900468574452,Panic Selloff,Downward trend with high volatility - Market stress/crisis
2023-03-15,Bear,Low-Vol,0.9453109058635677,0.008276048437502367,Quiet Bear,Downward trend with low volatility - Steady decline
2023-03-16,Bear,High-Vol,0.9807485478976515,0.00990610961479224,Panic Selloff,Downward trend with high volatility - Market stress/crisis
2023-03-17,Bear,Low-Vol,0.9777122985353395,0.008276088533491634,Quiet Bear,Downward trend with low volatility - Steady decline
2023-03-20,Bear,High-Vol,0.9836048190816484,0.009687114558810737,Panic Selloff,Downward trend with high volatility - Market stress/crisis
2023-03-21,Bear,High-Vol,0.9803275788408526,0.008952259014489332,Panic Selloff,Downward trend with high volatility - Market stress/crisis
2023-03-22,Bear,High-Vol,0.9909240042578107,0.009764975256805372,Panic Selloff,Downward trend with high volatility - Market stress/crisis
2023-03-23,Bear,Low-Vol,0.9871840104386359,0.008069097271218214,Quiet Bear,Downward trend with low volatility - Steady decline
2023-03-24,Bear,High-Vol,0.99123387824221,0.00933397975188083,Panic Selloff,Downward trend with high volatility - Market stress/crisis
2023-03-27,Bear,Low-Vol,0.993213023774005,0.008570759584755115,Quiet Bear,Downward trend with low volatility - Steady decline
2023-03-28,Bear,Low-Vol,0.9892962255247293,0.008066546096031713,Quiet Bear,Downward trend with low volatility - Steady decline
2023-03-29,Bear,Low-Vol,0.9812061666678358,0.008668699553724915,Quiet Bear,Downward trend with low volatility - Steady decline
2023-03-31,Bear,High-Vol,0.9697714039056464,0.009228362247689949,Panic Selloff,Downward trend with high volatility - Market stress/crisis
2023-04-03,Bear,High-Vol,0.9890073742689821,0.01040279321027701,Panic Selloff,Downward trend with high volatility - Market stress/crisis
2023-04-05,Bear,Low-Vol,0.9927572937769493,0.00832218291217124,Quiet Bear,Downward trend with low volatility - Steady decline
2023-04-06,Bear,Low-Vol,0.9934470259072172,0.008263543526816705,Quiet Bear,Downward trend with low volatility - Steady decline
2023-04-10,Bear,Low-Vol,0.9884939051069401,0.008029113573614244,Quiet Bear,Downward trend with low volatility - Steady decline
2023-04-11,Bear,Low-Vol,0.9732932484526023,0.008594573469645171,Quiet Bear,Downward trend with low volatility - Steady decline
2023-04-12,Bear,High-Vol,0.9867836659502559,0.010316596877092769,Panic Selloff,Downward trend with high volatility - Market stress/crisis
2023-04-13,Bear,Low-Vol,0.9785237540765903,0.00825292603167963,Quiet Bear,Downward trend with low volatility - Steady decline
2023-04-17,Bear,High-Vol,0.9920906746411084,0.01004675408434941,Panic Selloff,Downward trend with high volatility - Market stress/crisis
2023-04-18,Bear,Low-Vol,0.9942207570991546,0.00805180288093344,Quiet Bear,Downward trend with low volatility - Steady decline
2023-04-19,Bear,Low-Vol,0.9941529439164171,0.008030371267584853,Quiet Bear,Downward trend with low volatility - Steady decline
2023-04-20,Bear,Low-Vol,0.9938380767081599,0.008156878880696456,Quiet Bear,Downward trend with low volatility - Steady decline
2023-04-21,Bear,Low-Vol,0.9912613480451797,0.00810398188537098,Quiet Bear,Downward trend with low volatility - Steady decline
2023-04-24,Bear,Low-Vol,0.9814641778708759,0.008362527898271412,Quiet Bear,Downward trend with low volatility - Steady decline
2023-04-25,Bear,High-Vol,0.9924788718464755,0.00994861634829987,Panic Selloff,Downward trend with high volatility - Market stress/crisis
2023-04-26,Bear,Low-Vol,0.9933625888894384,0.008029900383788348,Quiet Bear,Downward trend with low volatility - Steady decline
2023-04-27,Bear,Low-Vol,0.994072503961182,0.008290623961166187,Quiet Bear,Downward trend with low volatility - Steady decline
2023-04-28,Bear,Low-Vol,0.992749609313943,0.008065958777542603,Quiet Bear,Downward trend with low volatility - Steady decline
2023-05-02,Bear,Low-Vol,0.9923979893433593,0.008445443161975688,Quiet Bear,Downward trend with low volatility - Steady decline
2023-05-03,Bear,Low-Vol,0.9824371647324813,0.008053873688505152,Quiet Bear,Downward trend with low volatility - Steady decline
2023-05-04,Bear,Low-Vol,0.9163745181003459,0.008042175381497254,Quiet Bear,Downward trend with low volatility - Steady decline
2023-05-05,Bear,Low-Vol,0.6482089386567091,0.008741147553132959,Quiet Bear,Downward trend with low volatility - Steady decline
2023-05-08,Bear,High-Vol,0.8095764803126544,0.013481831503756708,Panic Selloff,Downward trend with high volatility - Market stress/crisis
2023-05-09,Bear,High-Vol,0.9623704529862339,0.010521412820092491,Panic Selloff,Downward trend with high volatility - Market stress/crisis
2023-05-10,Bear,Low-Vol,0.9885612793884668,0.008234424479227754,Quiet Bear,Downward trend with low volatility - Steady decline
2023-05-11,Bear,Low-Vol,0.9928536814020578,0.008187407599672283,Quiet Bear,Downward trend with low volatility - Steady decline
2023-05-12,Bear,Low-Vol,0.9923151647892853,0.008166803513953364,Quiet Bear,Downward trend with low volatility - Steady decline
2023-05-15,Bear,Low-Vol,0.9928363225906136,0.008513239347546669,Quiet Bear,Downward trend with low volatility - Steady decline
2023-05-16,Bear,Low-Vol,0.9933355309294204,0.008385612822200583,Quiet Bear,Downward trend with low volatility - Steady decline
2023-05-17,Bear,Low-Vol,0.9941282520810664,0.008351943056865006,Quiet Bear,Downward trend with low volatility - Steady decline
2023-05-18,Bear,Low-Vol,0.9945131002840057,0.008154211404254237,Quiet Bear,Downward trend with low volatility - Steady decline
2023-05-19,Bear,Low-Vol,0.993980325656625,0.008028859010604005,Quiet Bear,Downward trend with low volatility - Steady decline
2023-05-22,Bear,Low-Vol,0.9940706300082496,0.008212824073321953,Quiet Bear,Downward trend with low volatility - Steady decline
2023-05-23,Bear,Low-Vol,0.9943916467828163,0.008200719646978464,Quiet Bear,Downward trend with low volatility - Steady decline
2023-05-24,Bear,Low-Vol,0.9933502219450241,0.008032308873906763,Quiet Bear,Downward trend with low volatility - Steady decline
2023-05-25,Bear,Low-Vol,0.9940644516974898,0.008422185661855562,Quiet Bear,Downward trend with low volatility - Steady decline
2023-05-26,Bear,Low-Vol,0.9918375613370894,0.008029319269780186,Quiet Bear,Downward trend with low volatility - Steady decline
2023-05-29,Bear,Low-Vol,0.9915936938946938,0.008620431162462977,Quiet Bear,Downward trend with low volatility - Steady decline
2023-05-30,Bear,Low-Vol,0.9933032573198454,0.008649175609389778,Quiet Bear,Downward trend with low volatility - Steady decline
2023-05-31,Bear,Low-Vol,0.9907492051915545,0.008110764634440935,Quiet Bear,Downward trend with low volatility - Steady decline
2023-06-01,Bear,Low-Vol,0.9898004851837544,0.008785554225206984,Quiet Bear,Downward trend with low volatility - Steady decline
2023-06-02,Bear,High-Vol,0.9936740405992273,0.009018596614811294,Panic Selloff,Downward trend with high volatility - Market stress/crisis
2023-06-05,Bear,Low-Vol,0.9936031631444964,0.008059462895207974,Quiet Bear,Downward trend with low volatility - Steady decline
2023-06-06,Bear,Low-Vol,0.9943073097850786,0.008292211646513623,Quiet Bear,Downward trend with low volatility - Steady decline
2023-06-07,Bear,Low-Vol,0.9942722726247343,0.00807877454902905,Quiet Bear,Downward trend with low volatility - Steady decline
2023-06-08,Bear,Low-Vol,0.992566179896633,0.008042785140839647,Quiet Bear,Downward trend with low volatility - Steady decline
2023-06-09,Bear,Low-Vol,0.9943215567674888,0.008633930436500358,Quiet Bear,Downward trend with low volatility - Steady decline
2023-06-12,Bear,Low-Vol,0.9944561591996282,0.008041663708810681,Quiet Bear,Downward trend with low volatility - Steady decline
2023-06-13,Bear,Low-Vol,0.9938043565027678,0.008054096023236132,Quiet Bear,Downward trend with low volatility - Steady decline
2023-06-14,Bear,Low-Vol,0.9915796132863043,0.008143227558521024,Quiet Bear,Downward trend with low volatility - Steady decline
2023-06-15,Bear,Low-Vol,0.9800569553171208,0.008231648152338037,Quiet Bear,Downward trend with low volatility - Steady decline
2023-06-16,Bear,High-Vol,0.9840614996320886,0.009898177556699863,Panic Selloff,Downward trend with high volatility - Market stress/crisis
2023-06-19,Bear,High-Vol,0.990549279672748,0.009263128564002935,Panic Selloff,Downward trend with high volatility - Market stress/crisis
2023-06-20,Bear,Low-Vol,0.9936220356311459,0.008606374648782328,Quiet Bear,Downward trend with low volatility - Steady decline
2023-06-21,Bear,Low-Vol,0.9943836745390827,0.008144914041650764,Quiet Bear,Downward trend with low volatility - Steady decline
2023-06-22,Bear,Low-Vol,0.9939569635235563,0.008041396536094945,Quiet Bear,Downward trend with low volatility - Steady decline
2023-06-23,Bear,Low-Vol,0.9940585711469797,0.008240911012703444,Quiet Bear,Downward trend with low volatility - Steady decline
2023-06-26,Bear,Low-Vol,0.9932100855339011,0.008140779773545865,Quiet Bear,Downward trend with low volatility - Steady decline
2023-06-27,Bear,Low-Vol,0.9854930104620817,0.008029674257197871,Quiet Bear,Downward trend with low volatility - Steady decline
2023-06-28,Bear,High-Vol,0.9913573721325938,0.0095687726458314,Panic Selloff,Downward trend with high volatility - Market stress/crisis
2023-06-30,Bear,Low-Vol,0.9904639745406417,0.008311346103325814,Quiet Bear,Downward trend with low volatility - Steady decline
2023-07-03,Bear,Low-Vol,0.9879709599861399,0.008631704719979365,Quiet Bear,Downward trend with low volatility - Steady decline
2023-07-04,Bear,High-Vol,0.9934264774517046,0.009225704238474748,Panic Selloff,Downward trend with high volatility - Market stress/crisis
2023-07-05,Bear,Low-Vol,0.9941020401794656,0.008073073892895332,Quiet Bear,Downward trend with low volatility - Steady decline
2023-07-06,Bear,Low-Vol,0.9935107879757614,0.008113778280638952,Quiet Bear,Downward trend with low volatility - Steady decline
2023-07-07,Bear,Low-Vol,0.9887933955070108,0.008084928123943425,Quiet Bear,Downward trend with low volatility - Steady decline
2023-07-10,Bear,High-Vol,0.9937083772167513,0.009298245556329047,Panic Selloff,Downward trend with high volatility - Market stress/crisis
2023-07-11,Bear,Low-Vol,0.9942530097125436,0.008044948279397947,Quiet Bear,Downward trend with low volatility - Steady decline
2023-07-12,Bear,Low-Vol,0.9941149786705672,0.008110153711922448,Quiet Bear,Downward trend with low volatility - Steady decline
2023-07-13,Bear,Low-Vol,0.994132838156319,0.008186899355106308,Quiet Bear,Downward trend with low volatility - Steady decline
2023-07-14,Bear,Low-Vol,0.9917883886464005,0.008040002495011661,Quiet Bear,Downward trend with low volatility - Steady decline
2023-07-17,Bear,Low-Vol,0.9797232647950173,0.008160068833132477,Quiet Bear,Downward trend with low volatility - Steady decline
2023-07-18,Bear,High-Vol,0.9915296527976692,0.010083102752963449,Panic Selloff,Downward trend with high volatility - Market stress/crisis
2023-07-19,Bear,Low-Vol,0.9915469181545609,0.008118923283400758,Quiet Bear,Downward trend with low volatility - Steady decline
2023-07-20,Bear,Low-Vol,0.9869131384530724,0.008373732467621204,Quiet Bear,Downward trend with low volatility - Steady decline
2023-07-21,Bear,High-Vol,0.9932153893120839,0.009401993642736084,Panic Selloff,Downward trend with high volatility - Market stress/crisis
2023-07-24,Bear,Low-Vol,0.9932511350660772,0.008055873205808054,Quiet Bear,Downward trend with low volatility - Steady decline
2023-07-25,Bear,Low-Vol,0.9940892375239396,0.008392454411802088,Quiet Bear,Downward trend with low volatility - Steady decline
2023-07-26,Bear,Low-Vol,0.9934910771214135,0.008107632584208524,Quiet Bear,Downward trend with low volatility - Steady decline
2023-07-27,Bear,Low-Vol,0.9920333587510242,0.008235436075080675,Quiet Bear,Downward trend with low volatility - Steady decline
2023-07-28,Bear,Low-Vol,0.9912802855294193,0.00858220549054436,Quiet Bear,Downward trend with low volatility - Steady decline
2023-07-31,Bear,Low-Vol,0.9931044484937831,0.008764737074129572,Quiet Bear,Downward trend with low volatility - Steady decline
2023-08-01,Bear,Low-Vol,0.9910444209899191,0.00816331565105935,Quiet Bear,Downward trend with low volatility - Steady decline
2023-08-02,Bear,Low-Vol,0.972865745710508,0.00805109798966112,Quiet Bear,Downward trend with low volatility - Steady decline
2023-08-03,Bear,High-Vol,0.9831109195396702,0.010397065861442062,Panic Selloff,Downward trend with high volatility - Market stress/crisis
2023-08-04,Bear,High-Vol,0.9910002782773879,0.009232998976202075,Panic Selloff,Downward trend with high volatility - Market stress/crisis
2023-08-07,Bear,Low-Vol,0.9940126974812858,0.00845190176635279,Quiet Bear,Downward trend with low volatility - Steady decline
2023-08-08,Bear,Low-Vol,0.9940990925477442,0.00804691675646645,Quiet Bear,Downward trend with low volatility - Steady decline
2023-08-09,Bear,Low-Vol,0.9936759598406033,0.008133390050955277,Quiet Bear,Downward trend with low volatility - Steady decline
2023-08-10,Bear,Low-Vol,0.9906365912714448,0.008139946316354176,Quiet Bear,Downward trend with low volatility - Steady decline
2023-08-11,Bear,High-Vol,0.9914117565881767,0.008892565366745825,Panic Selloff,Downward trend with high volatility - Market stress/crisis
2023-08-14,Bear,Low-Vol,0.9929055047755243,0.008666121199049068,Quiet Bear,Downward trend with low volatility - Steady decline
2023-08-16,Bear,Low-Vol,0.9937818521242264,0.008384242265942221,Quiet Bear,Downward trend with low volatility - Steady decline
2023-08-17,Bear,Low-Vol,0.994421520555282,0.008238222000272697,Quiet Bear,Downward trend with low volatility - Steady decline
2023-08-18,Bear,Low-Vol,0.994372526588528,0.008068640983251997,Quiet Bear,Downward trend with low volatility - Steady decline
2023-08-21,Bear,Low-Vol,0.9939305723103827,0.008097322401727069,Quiet Bear,Downward trend with low volatility - Steady decline
2023-08-22,Bear,Low-Vol,0.9931040679807938,0.00817388051174127,Quiet Bear,Downward trend with low volatility - Steady decline
2023-08-23,Bear,Low-Vol,0.9850453268929164,0.008038204682000623,Quiet Bear,Downward trend with low volatility - Steady decline
2023-08-24,Bear,High-Vol,0.9926135827956096,0.0096598906613878,Panic Selloff,Downward trend with high volatility - Market stress/crisis
2023-08-25,Bear,Low-Vol,0.9912651698552966,0.008042590828474376,Quiet Bear,Downward trend with low volatility - Steady decline
2023-08-28,Bear,Low-Vol,0.9913407358750801,0.008715226218337856,Quiet Bear,Downward trend with low volatility - Steady decline
2023-08-29,Bear,Low-Vol,0.9937153596533379,0.008695515236074019,Quiet Bear,Downward trend with low volatility - Steady decline
2023-08-30,Bear,Low-Vol,0.9916799240638263,0.008032068561779996,Quiet Bear,Downward trend with low volatility - Steady decline
2023-08-31,Bear,Low-Vol,0.9930891852656064,0.008754550793414494,Quiet Bear,Downward trend with low volatility - Steady decline
2023-09-01,Bear,Low-Vol,0.991620191381536,0.008239926848318492,Quiet Bear,Downward trend with low volatility - Steady decline
2023-09-04,Bear,Low-Vol,0.9936102026895122,0.008711804436080864,Quiet Bear,Downward trend with low volatility - Steady decline
2023-09-05,Bear,Low-Vol,0.9943275755327514,0.008194491483666393,Quiet Bear,Downward trend with low volatility - Steady decline
2023-09-06,Bear,Low-Vol,0.993771423577393,0.00805918382721896,Quiet Bear,Downward trend with low volatility - Steady decline
2023-09-07,Bear,Low-Vol,0.9901966994661233,0.008099723935531128,Quiet Bear,Downward trend with low volatility - Steady decline
2023-09-08,Bear,High-Vol,0.9905540148851524,0.00888741382823352,Panic Selloff,Downward trend with high volatility - Market stress/crisis
2023-09-11,Bear,Low-Vol,0.9882359034096593,0.008576209190035112,Quiet Bear,Downward trend with low volatility - Steady decline
2023-09-12,Bear,High-Vol,0.9924430287923109,0.00915210933742192,Panic Selloff,Downward trend with high volatility - Market stress/crisis
2023-09-13,Bear,Low-Vol,0.9902551430955883,0.008187722679235754,Quiet Bear,Downward trend with low volatility - Steady decline
2023-09-14,Bear,High-Vol,0.993628684159092,0.008948240768697132,Panic Selloff,Downward trend with high volatility - Market stress/crisis
2023-09-15,Bear,Low-Vol,0.9927044329242707,0.008050358104663265,Quiet Bear,Downward trend with low volatility - Steady decline
2023-09-18,Bear,Low-Vol,0.9860885668040592,0.008162312850189514,Quiet Bear,Downward trend with low volatility - Steady decline
2023-09-20,Bear,Low-Vol,0.9539252962229876,0.008381937895910147,Quiet Bear,Downward trend with low volatility - Steady decline
2023-09-21,Bear,High-Vol,0.9008954329192564,0.009708627808139705,Panic Selloff,Downward trend with high volatility - Market stress/crisis
2023-09-22,Bear,High-Vol,0.9801533329600758,0.012050431520496698,Panic Selloff,Downward trend with high volatility - Market stress/crisis
2023-09-25,Bear,Low-Vol,0.9921221980068684,0.0080288445154324,Quiet Bear,Downward trend with low volatility - Steady decline
2023-09-26,Bear,Low-Vol,0.9939083678825846,0.008087877332581248,Quiet Bear,Downward trend with low volatility - Steady decline
2023-09-27,Bear,Low-Vol,0.9939095740867089,0.008130766754859825,Quiet Bear,Downward trend with low volatility - Steady decline
2023-09-28,Bear,Low-Vol,0.9911860618364285,0.00808174945856683,Quiet Bear,Downward trend with low volatility - Steady decline
2023-09-29,Bear,Low-Vol,0.9914148288474295,0.008793575175839067,Quiet Bear,Downward trend with low volatility - Steady decline
2023-10-03,Bear,Low-Vol,0.9918406914167778,0.008594630764111063,Quiet Bear,Downward trend with low volatility - Steady decline
2023-10-04,Bear,Low-Vol,0.9883917411485699,0.008401264249558222,Quiet Bear,Downward trend with low volatility - Steady decline
2023-10-05,Bear,High-Vol,0.9922290779425198,0.009233153412076568,Panic Selloff,Downward trend with high volatility - Market stress/crisis
2023-10-06,Bear,Low-Vol,0.9915559949440369,0.008280054182625254,Quiet Bear,Downward trend with low volatility - Steady decline
2023-10-09,Bear,Low-Vol,0.9805274867043877,0.008154725804877675,Quiet Bear,Downward trend with low volatility - Steady decline
2023-10-10,Bear,High-Vol,0.9820540236313087,0.009794044920834886,Panic Selloff,Downward trend with high volatility - Market stress/crisis
2023-10-11,Bear,High-Vol,0.9922340378929669,0.00955140818894935,Panic Selloff,Downward trend with high volatility - Market stress/crisis
2023-10-12,Bear,Low-Vol,0.9936938587575687,0.008121982894634547,Quiet Bear,Downward trend with low volatility - Steady decline
2023-10-13,Bear,Low-Vol,0.9907457552854511,0.008033174263755943,Quiet Bear,Downward trend with low volatility - Steady decline
2023-10-16,Bear,High-Vol,0.9935848746883664,0.00896637362601309,Panic Selloff,Downward trend with high volatility - Market stress/crisis
2023-10-17,Bear,Low-Vol,0.9914226209267037,0.00802882521974172,Quiet Bear,Downward trend with low volatility - Steady decline
2023-10-18,Bear,Low-Vol,0.9802763697970226,0.008236845961322632,Quiet Bear,Downward trend with low volatility - Steady decline
2023-10-19,Bear,High-Vol,0.9910119874948299,0.01008796957522756,Panic Selloff,Downward trend with high volatility - Market stress/crisis
2023-10-20,Bear,Low-Vol,0.9907954183610186,0.008227984152243333,Quiet Bear,Downward trend with low volatility - Steady decline
2023-10-23,Bear,Low-Vol,0.973791640494913,0.008038682129458404,Quiet Bear,Downward trend with low volatility - Steady decline
2023-10-25,Bear,High-Vol,0.97811697042994,0.010197451970654857,Panic Selloff,Downward trend with high volatility - Market stress/crisis
2023-10-26,Bear,High-Vol,0.9641324671727594,0.008958482148267366,Panic Selloff,Downward trend with high volatility - Market stress/crisis
2023-10-27,Bear,High-Vol,0.9715340867833183,0.010312990591152817,Panic Selloff,Downward trend with high volatility - Market stress/crisis
2023-10-30,Bear,High-Vol,0.9887406892490728,0.009870514845338312,Panic Selloff,Downward trend with high volatility - Market stress/crisis
2023-10-31,Bear,Low-Vol,0.9916416952628363,0.00837594198164362,Quiet Bear,Downward trend with low volatility - Steady decline
2023-11-01,Bear,Low-Vol,0.9935096016697958,0.008560578667750132,Quiet Bear,Downward trend with low volatility - Steady decline
2023-11-02,Bear,Low-Vol,0.9920237794761778,0.00813390550997225,Quiet Bear,Downward trend with low volatility - Steady decline
2023-11-03,Bear,Low-Vol,0.9921122617720683,0.008576980754960606,Quiet Bear,Downward trend with low volatility - Steady decline
2023-11-06,Bear,Low-Vol,0.9917590381067521,0.008474629073100834,Quiet Bear,Downward trend with low volatility - Steady decline
2023-11-07,Bear,Low-Vol,0.9937558589110621,0.008646062358310504,Quiet Bear,Downward trend with low volatility - Steady decline
2023-11-08,Bear,Low-Vol,0.9940232262834591,0.008144472504193508,Quiet Bear,Downward trend with low volatility - Steady decline
2023-11-09,Bear,Low-Vol,0.9944868099630106,0.008209339142087949,Quiet Bear,Downward trend with low volatility - Steady decline
2023-11-10,Bear,Low-Vol,0.9940371568440868,0.008032927018048266,Quiet Bear,Downward trend with low volatility - Steady decline
2023-11-12,Bear,Low-Vol,0.9943514676088304,0.008208363740110686,Quiet Bear,Downward trend with low volatility - Steady decline
2023-11-13,Bear,Low-Vol,0.9938843160139604,0.008067252015000907,Quiet Bear,Downward trend with low volatility - Steady decline
2023-11-15,Bear,Low-Vol,0.991472719001605,0.008129029681453957,Quiet Bear,Downward trend with low volatility - Steady decline
2023-11-16,Bear,Low-Vol,0.9909842907565745,0.00866382237217968,Quiet Bear,Downward trend with low volatility - Steady decline
2023-11-17,Bear,Low-Vol,0.9760601937252095,0.008103953167943241,Quiet Bear,Downward trend with low volatility - Steady decline
2023-11-20,Bear,High-Vol,0.9917243564656415,0.010418035498960998,Panic Selloff,Downward trend with high volatility - Market stress/crisis
2023-11-21,Bear,Low-Vol,0.9936778545954248,0.008028859091955946,Quiet Bear,Downward trend with low volatility - Steady decline
2023-11-22,Bear,Low-Vol,0.992780458319206,0.008105850500193329,Quiet Bear,Downward trend with low volatility - Steady decline
2023-11-23,Bear,Low-Vol,0.9938107365203642,0.008527027775339957,Quiet Bear,Downward trend with low volatility - Steady decline
2023-11-24,Bear,Low-Vol,0.9927962922547345,0.008117614723473061,Quiet Bear,Downward trend with low volatility - Steady decline
2023-11-28,Bear,Low-Vol,0.9865728609282082,0.008167540884685288,Quiet Bear,Downward trend with low volatility - Steady decline
2023-11-29,Bear,Low-Vol,0.9515192485171385,0.00821992520085545,Quiet Bear,Downward trend with low volatility - Steady decline
2023-11-30,Bear,High-Vol,0.9374036666224576,0.010348797029999463,Panic Selloff,Downward trend with high volatility - Market stress/crisis
2023-12-01,Bear,Low-Vol,0.7617698672210035,0.008168720945914424,Quiet Bear,Downward trend with low volatility - Steady decline
2023-12-04,Bull,Low-Vol,0.9911780936780793,0.008725306873082072,Quiet Bull,Upward trend with low volatility - Ideal for trend following
2023-12-05,Bear,High-Vol,0.6817117286983542,0.01840509405175548,Panic Selloff,Downward trend with high volatility - Market stress/crisis
2023-12-06,Bear,High-Vol,0.9396650097646408,0.009463812892241491,Panic Selloff,Downward trend with high volatility - Market stress/crisis
2023-12-07,Bear,Low-Vol,0.9845975955652576,0.00826269932363058,Quiet Bear,Downward trend with low volatility - Steady decline
2023-12-08,Bear,Low-Vol,0.9876715817107278,0.008029428145219392,Quiet Bear,Downward trend with low volatility - Steady decline
2023-12-11,Bear,High-Vol,0.9933097763634271,0.00905046278042917,Panic Selloff,Downward trend with high volatility - Market stress/crisis
2023-12-12,Bear,Low-Vol,0.9926778118727102,0.00802954139157467,Quiet Bear,Downward trend with low volatility - Steady decline
2023-12-13,Bear,Low-Vol,0.9919877906461455,0.008448217228581006,Quiet Bear,Downward trend with low volatility - Steady decline
2023-12-14,Bear,Low-Vol,0.9792366554657286,0.008031828055384329,Quiet Bear,Downward trend with low volatility - Steady decline
2023-12-15,Bear,High-Vol,0.9893856557347773,0.010063718052848933,Panic Selloff,Downward trend with high volatility - Market stress/crisis
2023-12-18,Bear,Low-Vol,0.9919132567758638,0.0085288576876395,Quiet Bear,Downward trend with low volatility - Steady decline
2023-12-19,Bear,Low-Vol,0.9899473701050656,0.008360564333148971,Quiet Bear,Downward trend with low volatility - Steady decline
2023-12-20,Bear,Low-Vol,0.9671437976230155,0.008040625869802033,Quiet Bear,Downward trend with low volatility - Steady decline
2023-12-21,Bear,High-Vol,0.9675530002373731,0.010335201010176367,Panic Selloff,Downward trend with high volatility - Market stress/crisis
2023-12-22,Bear,High-Vol,0.9828002410524159,0.010044169344928584,Panic Selloff,Downward trend with high volatility - Market stress/crisis
2023-12-26,Bear,High-Vol,0.9890958013857888,0.009046454217851349,Panic Selloff,Downward trend with high volatility - Market stress/crisis
2023-12-27,Bear,Low-Vol,0.9863182572793209,0.008481540652638748,Quiet Bear,Downward trend with low volatility - Steady decline
2023-12-28,Bear,High-Vol,0.9924287814085513,0.009360199120787383,Panic Selloff,Downward trend with high volatility - Market stress/crisis
2023-12-29,Bear,Low-Vol,0.9929580584128822,0.008209060926456756,Quiet Bear,Downward trend with low volatility - Steady decline
2024-01-01,Bear,Low-Vol,0.9928147123292391,0.008371268807550439,Quiet Bear,Downward trend with low volatility - Steady decline
2024-01-02,Bear,Low-Vol,0.9909227135165335,0.008344718024712485,Quiet Bear,Downward trend with low volatility - Steady decline
2024-01-03,Bear,Low-Vol,0.9928999352660468,0.008863089336291558,Quiet Bear,Downward trend with low volatility - Steady decline
2024-01-04,Bear,Low-Vol,0.986984551231292,0.008028737791716528,Quiet Bear,Downward trend with low volatility - Steady decline
2024-01-05,Bear,High-Vol,0.9895499481307968,0.009307693885618789,Panic Selloff,Downward trend with high volatility - Market stress/crisis
2024-01-08,Bear,Low-Vol,0.9765471065975333,0.008229214831385879,Quiet Bear,Downward trend with low volatility - Steady decline
2024-01-09,Bear,High-Vol,0.9899418128474643,0.010292164761361706,Panic Selloff,Downward trend with high volatility - Market stress/crisis
2024-01-10,Bear,Low-Vol,0.9933954734637923,0.008436894056070109,Quiet Bear,Downward trend with low volatility - Steady decline
2024-01-11,Bear,Low-Vol,0.9925060678830099,0.008091628206990845,Quiet Bear,Downward trend with low volatility - Steady decline
2024-01-12,Bear,Low-Vol,0.9822519085479633,0.0080502686733169,Quiet Bear,Downward trend with low volatility - Steady decline
2024-01-15,Bear,Low-Vol,0.9350275465326212,0.008405314277705656,Quiet Bear,Downward trend with low volatility - Steady decline
2024-01-16,Bear,High-Vol,0.8082265484352491,0.009267644981092331,Panic Selloff,Downward trend with high volatility - Market stress/crisis
2024-01-17,Bull,Low-Vol,0.9999354418238995,0.008144365484016633,Quiet Bull,Upward trend with low volatility - Ideal for trend following
2024-01-18,Bear,High-Vol,0.7114754167397909,0.022082824887912147,Panic Selloff,Downward trend with high volatility - Market stress/crisis
2024-01-19,Bear,Low-Vol,0.8707974455375687,0.008787533102040215,Quiet Bear,Downward trend with low volatility - Steady decline
2024-01-20,Bear,Low-Vol,0.8279593086568072,0.008047046028841166,Quiet Bear,Downward trend with low volatility - Steady decline
2024-01-23,Bear,Low-Vol,0.5586316034682325,0.008780775961094887,Quiet Bear,Downward trend with low volatility - Steady decline
2024-01-24,Bear,High-Vol,0.9241570590191122,0.014171773971762875,Panic Selloff,Downward trend with high volatility - Market stress/crisis
2024-01-25,Bear,Low-Vol,0.9793985275493354,0.008039048005120165,Quiet Bear,Downward trend with low volatility - Steady decline
2024-01-29,Bear,Low-Vol,0.9807597078416089,0.008109158989092482,Quiet Bear,Downward trend with low volatility - Steady decline
2024-01-30,Bear,High-Vol,0.9872588503146846,0.009482631226000576,Panic Selloff,Downward trend with high volatility - Market stress/crisis
2024-01-31,Bear,Low-Vol,0.9738922416451439,0.00830791931627605,Quiet Bear,Downward trend with low volatility - Steady decline
2024-02-01,Bear,High-Vol,0.9896099468249172,0.010320408735909122,Panic Selloff,Downward trend with high volatility - Market stress/crisis
2024-02-02,Bear,Low-Vol,0.9917702299306735,0.008301089630154955,Quiet Bear,Downward trend with low volatility - Steady decline
2024-02-05,Bear,Low-Vol,0.9924641526490917,0.008520424383736857,Quiet Bear,Downward trend with low volatility - Steady decline
2024-02-06,Bear,Low-Vol,0.9903808416338314,0.008353789241098164,Quiet Bear,Downward trend with low volatility - Steady decline
2024-02-07,Bear,Low-Vol,0.9688969241530705,0.008029233589673277,Quiet Bear,Downward trend with low volatility - Steady decline
2024-02-08,Bear,Low-Vol,0.8371032790088007,0.008115956585108209,Quiet Bear,Downward trend with low volatility - Steady decline
2024-02-09,Bear,High-Vol,0.8390423075853455,0.01181707545838265,Panic Selloff,Downward trend with high volatility - Market stress/crisis
2024-02-12,Bear,High-Vol,0.8064345853600359,0.010003086319066492,Panic Selloff,Downward trend with high volatility - Market stress/crisis
2024-02-13,Bear,High-Vol,0.9132877479660628,0.011906378647867972,Panic Selloff,Downward trend with high volatility - Market stress/crisis
2024-02-14,Bear,High-Vol,0.9617020537286223,0.009610030371806747,Panic Selloff,Downward trend with high volatility - Market stress/crisis
2024-02-15,Bear,High-Vol,0.9852067831087611,0.00940299113481105,Panic Selloff,Downward trend with high volatility - Market stress/crisis
2024-02-16,Bear,Low-Vol,0.9926535770631283,0.008665186595261207,Quiet Bear,Downward trend with low volatility - Steady decline
2024-02-19,Bear,Low-Vol,0.9920573110432506,0.008066833988107161,Quiet Bear,Downward trend with low volatility - Steady decline
2024-02-20,Bear,Low-Vol,0.9839744988058602,0.008190075555832219,Quiet Bear,Downward trend with low volatility - Steady decline
2024-02-21,Bear,High-Vol,0.991896995910648,0.009713932339485093,Panic Selloff,Downward trend with high volatility - Market stress/crisis
2024-02-22,Bear,Low-Vol,0.9940789464417663,0.008326607347124971,Quiet Bear,Downward trend with low volatility - Steady decline
2024-02-23,Bear,Low-Vol,0.9933937173064761,0.008030324223863915,Quiet Bear,Downward trend with low volatility - Steady decline
2024-02-26,Bear,Low-Vol,0.9918717421320752,0.008285181543020902,Quiet Bear,Downward trend with low volatility - Steady decline
2024-02-27,Bear,Low-Vol,0.9853820309197904,0.00835797604368982,Quiet Bear,Downward trend with low volatility - Steady decline
2024-02-28,Bear,Low-Vol,0.9370411819789057,0.00803162777322708,Quiet Bear,Downward trend with low volatility - Steady decline
2024-02-29,Bear,High-Vol,0.9362684662367631,0.010944366303587876,Panic Selloff,Downward trend with high volatility - Market stress/crisis
2024-03-01,Bear,Low-Vol,0.8491038654107995,0.008748206141364295,Quiet Bear,Downward trend with low volatility - Steady decline
2024-03-02,Bear,High-Vol,0.9720506818948833,0.012509664201573694,Panic Selloff,Downward trend with high volatility - Market stress/crisis
2024-03-04,Bear,Low-Vol,0.990668400580949,0.008029527688851436,Quiet Bear,Downward trend with low volatility - Steady decline
2024-03-05,Bear,Low-Vol,0.9931369549730401,0.00809472814525506,Quiet Bear,Downward trend with low volatility - Steady decline
2024-03-06,Bear,Low-Vol,0.9911141405344425,0.008130139034821236,Quiet Bear,Downward trend with low volatility - Steady decline
2024-03-07,Bear,Low-Vol,0.9918335707634524,0.008740060688371297,Quiet Bear,Downward trend with low volatility - Steady decline
2024-03-11,Bear,Low-Vol,0.9855595871188311,0.008265561518241737,Quiet Bear,Downward trend with low volatility - Steady decline
2024-03-12,Bear,High-Vol,0.9925330761832704,0.009624164753794497,Panic Selloff,Downward trend with high volatility - Market stress/crisis
2024-03-13,Bear,Low-Vol,0.9902020277665853,0.008034415628188601,Quiet Bear,Downward trend with low volatility - Steady decline
2024-03-14,Bear,High-Vol,0.9934964687759321,0.00901373403840391,Panic Selloff,Downward trend with high volatility - Market stress/crisis
2024-03-15,Bear,Low-Vol,0.9922557103765933,0.008076932613578093,Quiet Bear,Downward trend with low volatility - Steady decline
2024-03-18,Bear,Low-Vol,0.9939287905947478,0.008652907524282168,Quiet Bear,Downward trend with low volatility - Steady decline
2024-03-19,Bear,Low-Vol,0.992467595100369,0.00804397143688696,Quiet Bear,Downward trend with low volatility - Steady decline
2024-03-20,Bear,Low-Vol,0.9940498745323522,0.008628485203729493,Quiet Bear,Downward trend with low volatility - Steady decline
2024-03-21,Bear,Low-Vol,0.9926725440249857,0.008029418322719471,Quiet Bear,Downward trend with low volatility - Steady decline
2024-03-22,Bear,Low-Vol,0.9936871334168629,0.00852227976992713,Quiet Bear,Downward trend with low volatility - Steady decline
2024-03-26,Bear,Low-Vol,0.9929741553647472,0.008156614077624486,Quiet Bear,Downward trend with low volatility - Steady decline
2024-03-27,Bear,Low-Vol,0.993088626502459,0.00844178285212085,Quiet Bear,Downward trend with low volatility - Steady decline
2024-03-28,Bear,Low-Vol,0.9921172668440249,0.008294838362798847,Quiet Bear,Downward trend with low volatility - Steady decline
2024-04-01,Bear,Low-Vol,0.9905403865696756,0.008467905366039646,Quiet Bear,Downward trend with low volatility - Steady decline
2024-04-02,Bear,High-Vol,0.9938941575873507,0.008894404973580631,Panic Selloff,Downward trend with high volatility - Market stress/crisis
2024-04-03,Bear,Low-Vol,0.9935630375559393,0.008032145290848282,Quiet Bear,Downward trend with low volatility - Steady decline
2024-04-04,Bear,Low-Vol,0.9887638187833223,0.008059404002873175,Quiet Bear,Downward trend with low volatility - Steady decline
2024-04-05,Bear,High-Vol,0.9903717905420713,0.009109722477812304,Panic Selloff,Downward trend with high volatility - Market stress/crisis
2024-04-08,Bear,Low-Vol,0.9939109579805179,0.008789668055176171,Quiet Bear,Downward trend with low volatility - Steady decline
2024-04-09,Bear,Low-Vol,0.9938514759218028,0.008030377846313575,Quiet Bear,Downward trend with low volatility - Steady decline
2024-04-10,Bear,Low-Vol,0.9916841916702184,0.008107799049235986,Quiet Bear,Downward trend with low volatility - Steady decline
2024-04-12,Bear,Low-Vol,0.9805585427272651,0.0082012841207459,Quiet Bear,Downward trend with low volatility - Steady decline
2024-04-15,Bear,High-Vol,0.9604880820576678,0.009192864344644698,Panic Selloff,Downward trend with high volatility - Market stress/crisis
2024-04-16,Bear,High-Vol,0.9856791559731837,0.010869419381268506,Panic Selloff,Downward trend with high volatility - Market stress/crisis
2024-04-18,Bear,Low-Vol,0.9832683293491381,0.008238073861046085,Quiet Bear,Downward trend with low volatility - Steady decline
2024-04-19,Bear,High-Vol,0.9850211347245733,0.009413174779560819,Panic Selloff,Downward trend with high volatility - Market stress/crisis
2024-04-22,Bear,High-Vol,0.9895327450279605,0.009216654184222173,Panic Selloff,Downward trend with high volatility - Market stress/crisis
2024-04-23,Bear,Low-Vol,0.993311703672693,0.008770395436798873,Quiet Bear,Downward trend with low volatility - Steady decline
2024-04-24,Bear,Low-Vol,0.9918402247255887,0.008079457859033204,Quiet Bear,Downward trend with low volatility - Steady decline
2024-04-25,Bear,Low-Vol,0.9858355721742903,0.008344647845373436,Quiet Bear,Downward trend with low volatility - Steady decline
2024-04-26,Bear,Low-Vol,0.9584286868919326,0.0084613456191562,Quiet Bear,Downward trend with low volatility - Steady decline
2024-04-29,Bear,Low-Vol,0.8070494231362176,0.00836478080892934,Quiet Bear,Downward trend with low volatility - Steady decline
2024-04-30,Bear,High-Vol,0.9640779436199642,0.013066634594831454,Panic Selloff,Downward trend with high volatility - Market stress/crisis
2024-05-02,Bear,Low-Vol,0.9887889847183456,0.00810726711228807,Quiet Bear,Downward trend with low volatility - Steady decline
2024-05-03,Bear,Low-Vol,0.9893965101424743,0.00806184450136387,Quiet Bear,Downward trend with low volatility - Steady decline
2024-05-06,Bear,Low-Vol,0.9905012974003158,0.008876493581717384,Quiet Bear,Downward trend with low volatility - Steady decline
2024-05-07,Bear,Low-Vol,0.9740259636231587,0.008032559434397986,Quiet Bear,Downward trend with low volatility - Steady decline
2024-05-08,Bear,High-Vol,0.9872157768157507,0.010416319707238638,Panic Selloff,Downward trend with high volatility - Market stress/crisis
2024-05-09,Bear,Low-Vol,0.9793834691471555,0.008267939092512956,Quiet Bear,Downward trend with low volatility - Steady decline
2024-05-10,Bear,High-Vol,0.9916412714383128,0.010053598228550903,Panic Selloff,Downward trend with high volatility - Market stress/crisis
2024-05-13,Bear,Low-Vol,0.991854273432297,0.008092408518202617,Quiet Bear,Downward trend with low volatility - Steady decline
2024-05-14,Bear,Low-Vol,0.9940535317388164,0.00861836487466648,Quiet Bear,Downward trend with low volatility - Steady decline
2024-05-15,Bear,Low-Vol,0.9937765702018152,0.00805006898947163,Quiet Bear,Downward trend with low volatility - Steady decline
2024-05-16,Bear,Low-Vol,0.9933216949057035,0.008241891960493014,Quiet Bear,Downward trend with low volatility - Steady decline
2024-05-17,Bear,Low-Vol,0.9941533662137616,0.008366598280545003,Quiet Bear,Downward trend with low volatility - Steady decline
2024-05-18,Bear,Low-Vol,0.9942042632199593,0.00810917335508876,Quiet Bear,Downward trend with low volatility - Steady decline
2024-05-21,Bear,Low-Vol,0.9923663105766287,0.008046619107150207,Quiet Bear,Downward trend with low volatility - Steady decline
2024-05-22,Bear,Low-Vol,0.9876052492311187,0.008371530952985692,Quiet Bear,Downward trend with low volatility - Steady decline
2024-05-23,Bear,Low-Vol,0.9532874960138912,0.00810324186678685,Quiet Bear,Downward trend with low volatility - Steady decline
2024-05-24,Bear,High-Vol,0.9861117958518827,0.011216531956228135,Panic Selloff,Downward trend with high volatility - Market stress/crisis
2024-05-27,Bear,Low-Vol,0.9901118818966329,0.008221866955881242,Quiet Bear,Downward trend with low volatility - Steady decline
2024-05-28,Bear,Low-Vol,0.989269385947674,0.008538642323191658,Quiet Bear,Downward trend with low volatility - Steady decline
2024-05-29,Bear,Low-Vol,0.9752689786836358,0.00837471823044366,Quiet Bear,Downward trend with low volatility - Steady decline
2024-05-30,Bear,High-Vol,0.9563964398516177,0.009496565658760942,Panic Selloff,Downward trend with high volatility - Market stress/crisis
2024-05-31,Bear,Low-Vol,0.8250468905004642,0.008335892518540694,Quiet Bear,Downward trend with low volatility - Steady decline
2024-06-03,Bull,Low-Vol,0.9999950702759992,0.008107309034540206,Quiet Bull,Upward trend with low volatility - Ideal for trend following
2024-06-04,Bull,High-Vol,0.9999999999999968,0.021429985115471388,Volatile Bull,Upward trend with high volatility - Choppy upward movement
2024-06-05,Bull,High-Vol,0.999342944623847,0.03852841325142282,Volatile Bull,Upward trend with high volatility - Choppy upward movement
2024-06-06,Bear,High-Vol,0.7009536603885304,0.017750532083628943,Panic Selloff,Downward trend with high volatility - Market stress/crisis
2024-06-07,Bear,High-Vol,0.9142256047446894,0.009142090890367665,Panic Selloff,Downward trend with high volatility - Market stress/crisis
2024-06-10,Bear,High-Vol,0.9813294660951031,0.009084387338796154,Panic Selloff,Downward trend with high volatility - Market stress/crisis
2024-06-11,Bear,Low-Vol,0.9925074146279187,0.008146568196108726,Quiet Bear,Downward trend with low volatility - Steady decline
2024-06-12,Bear,Low-Vol,0.9940095096404479,0.008053219936439584,Quiet Bear,Downward trend with low volatility - Steady decline
2024-06-13,Bear,Low-Vol,0.9938555145210705,0.008096876628155048,Quiet Bear,Downward trend with low volatility - Steady decline
2024-06-14,Bear,Low-Vol,0.9904370345221613,0.008055106205816316,Quiet Bear,Downward trend with low volatility - Steady decline
2024-06-18,Bear,Low-Vol,0.9680598817669033,0.00805094503382729,Quiet Bear,Downward trend with low volatility - Steady decline
2024-06-19,Bear,High-Vol,0.9133530997990016,0.009154463448620526,Panic Selloff,Downward trend with high volatility - Market stress/crisis
2024-06-20,Bear,High-Vol,0.976901990429754,0.011842308915663317,Panic Selloff,Downward trend with high volatility - Market stress/crisis
2024-06-21,Bear,Low-Vol,0.9889715481769571,0.00842835132798127,Quiet Bear,Downward trend with low volatility - Steady decline
2024-06-24,Bear,Low-Vol,0.9857980503811983,0.008305683550330234,Quiet Bear,Downward trend with low volatility - Steady decline
2024-06-25,Bear,Low-Vol,0.9484649998773031,0.008105951194608841,Quiet Bear,Downward trend with low volatility - Steady decline
2024-06-26,Bear,High-Vol,0.9872967909528456,0.011364649384534836,Panic Selloff,Downward trend with high volatility - Market stress/crisis
2024-06-27,Bear,Low-Vol,0.9926679943233837,0.008034462804352773,Quiet Bear,Downward trend with low volatility - Steady decline
2024-06-28,Bear,Low-Vol,0.9894588252329342,0.008034760372199502,Quiet Bear,Downward trend with low volatility - Steady decline
2024-07-01,Bear,High-Vol,0.9912033447591317,0.009053736957233419,Panic Selloff,Downward trend with high volatility - Market stress/crisis
2024-07-02,Bear,Low-Vol,0.9820728706233629,0.008168618067530303,Quiet Bear,Downward trend with low volatility - Steady decline
2024-07-03,Bear,Low-Vol,0.9525568524641708,0.008813198506451682,Quiet Bear,Downward trend with low volatility - Steady decline
2024-07-04,Bear,High-Vol,0.9867904633137524,0.011151375910143565,Panic Selloff,Downward trend with high volatility - Market stress/crisis
2024-07-05,Bear,Low-Vol,0.9881824030447458,0.008029321180715095,Quiet Bear,Downward trend with low volatility - Steady decline
2024-07-08,Bear,High-Vol,0.9930421604428867,0.00910314227908887,Panic Selloff,Downward trend with high volatility - Market stress/crisis
2024-07-09,Bear,Low-Vol,0.9941505864528193,0.008214136537048607,Quiet Bear,Downward trend with low volatility - Steady decline
2024-07-10,Bear,Low-Vol,0.9927868095178035,0.008030946856622867,Quiet Bear,Downward trend with low volatility - Steady decline
2024-07-11,Bear,Low-Vol,0.9943437867985414,0.008574201119018028,Quiet Bear,Downward trend with low volatility - Steady decline
2024-07-12,Bear,Low-Vol,0.9946134926269344,0.008045826606956163,Quiet Bear,Downward trend with low volatility - Steady decline
2024-07-15,Bear,Low-Vol,0.9944645728519546,0.00802956216223641,Quiet Bear,Downward trend with low volatility - Steady decline
2024-07-16,Bear,Low-Vol,0.9943903600102736,0.008084454060640294,Quiet Bear,Downward trend with low volatility - Steady decline
2024-07-18,Bear,Low-Vol,0.9939552567589311,0.008094736019986599,Quiet Bear,Downward trend with low volatility - Steady decline
2024-07-19,Bear,Low-Vol,0.9919263725358786,0.00811181582682426,Quiet Bear,Downward trend with low volatility - Steady decline
2024-07-22,Bear,Low-Vol,0.9924026934671031,0.008679675120519682,Quiet Bear,Downward trend with low volatility - Steady decline
2024-07-23,Bear,Low-Vol,0.9835382379235168,0.00805747184697061,Quiet Bear,Downward trend with low volatility - Steady decline
2024-07-24,Bear,High-Vol,0.9876862021137428,0.009702470602502322,Panic Selloff,Downward trend with high volatility - Market stress/crisis
2024-07-25,Bear,Low-Vol,0.9829614761690421,0.008666614549602132,Quiet Bear,Downward trend with low volatility - Steady decline
2024-07-26,Bear,High-Vol,0.9878217245097638,0.009607630539069606,Panic Selloff,Downward trend with high volatility - Market stress/crisis
2024-07-29,Bear,High-Vol,0.9935693802416806,0.008981402592905427,Panic Selloff,Downward trend with high volatility - Market stress/crisis
2024-07-30,Bear,Low-Vol,0.9940805123741133,0.0080290036738858,Quiet Bear,Downward trend with low volatility - Steady decline
2024-07-31,Bear,Low-Vol,0.9917342962015662,0.008028979841242794,Quiet Bear,Downward trend with low volatility - Steady decline
2024-08-01,Bear,Low-Vol,0.9797004135090901,0.008169110017889749,Quiet Bear,Downward trend with low volatility - Steady decline
2024-08-02,Bear,Low-Vol,0.8991589843711005,0.008038877407442154,Quiet Bear,Downward trend with low volatility - Steady decline
2024-08-05,Bull,Low-Vol,0.5035666398488126,0.00848113032916205,Quiet Bull,Upward trend with low volatility - Ideal for trend following
2024-08-06,Bear,High-Vol,0.8850135617769098,0.014595533013584315,Panic Selloff,Downward trend with high volatility - Market stress/crisis
2024-08-07,Bear,Low-Vol,0.9631980181470441,0.008560896595174448,Quiet Bear,Downward trend with low volatility - Steady decline
2024-08-08,Bear,High-Vol,0.9883707846781792,0.00898257000591759,Panic Selloff,Downward trend with high volatility - Market stress/crisis
2024-08-09,Bear,Low-Vol,0.99003897267723,0.008145081175128308,Quiet Bear,Downward trend with low volatility - Steady decline
2024-08-12,Bear,Low-Vol,0.9894550272535112,0.008649081863188735,Quiet Bear,Downward trend with low volatility - Steady decline
2024-08-13,Bear,Low-Vol,0.9673827719214056,0.008053398718507016,Quiet Bear,Downward trend with low volatility - Steady decline
2024-08-14,Bear,High-Vol,0.9841790809747222,0.010701707693963726,Panic Selloff,Downward trend with high volatility - Market stress/crisis
2024-08-16,Bear,Low-Vol,0.9679676494331146,0.0081314066619528,Quiet Bear,Downward trend with low volatility - Steady decline
2024-08-19,Bear,High-Vol,0.9898911267525727,0.010596535671324847,Panic Selloff,Downward trend with high volatility - Market stress/crisis
2024-08-20,Bear,Low-Vol,0.9924469982481097,0.008108251298000423,Quiet Bear,Downward trend with low volatility - Steady decline
2024-08-21,Bear,Low-Vol,0.9942632834129291,0.008416633184917258,Quiet Bear,Downward trend with low volatility - Steady decline
2024-08-22,Bear,Low-Vol,0.9940198036048408,0.008029357257835556,Quiet Bear,Downward trend with low volatility - Steady decline
2024-08-23,Bear,Low-Vol,0.9945203316003087,0.008210869231208376,Quiet Bear,Downward trend with low volatility - Steady decline
2024-08-26,Bear,Low-Vol,0.9941552136053331,0.008031035917770601,Quiet Bear,Downward trend with low volatility - Steady decline
2024-08-27,Bear,Low-Vol,0.9945671200153994,0.008185015697826741,Quiet Bear,Downward trend with low volatility - Steady decline
2024-08-28,Bear,Low-Vol,0.9943295762397589,0.008031166857552442,Quiet Bear,Downward trend with low volatility - Steady decline
2024-08-29,Bear,Low-Vol,0.9944624323652271,0.00814939301250609,Quiet Bear,Downward trend with low volatility - Steady decline
2024-08-30,Bear,Low-Vol,0.9943516578704551,0.008069353578414585,Quiet Bear,Downward trend with low volatility - Steady decline
2024-09-02,Bear,Low-Vol,0.9943005877557592,0.008108183656143037,Quiet Bear,Downward trend with low volatility - Steady decline
2024-09-03,Bear,Low-Vol,0.9931751084743321,0.0080643559117509,Quiet Bear,Downward trend with low volatility - Steady decline
2024-09-04,Bear,Low-Vol,0.9912600513469039,0.008295789839416215,Quiet Bear,Downward trend with low volatility - Steady decline
2024-09-05,Bear,Low-Vol,0.9874558449323872,0.008574727614991964,Quiet Bear,Downward trend with low volatility - Steady decline
2024-09-06,Bear,Low-Vol,0.951855749334285,0.008031930349766112,Quiet Bear,Downward trend with low volatility - Steady decline
2024-09-09,Bear,High-Vol,0.9783011654312977,0.011207511023351824,Panic Selloff,Downward trend with high volatility - Market stress/crisis
2024-09-10,Bear,High-Vol,0.9913739160670159,0.009130272033797562,Panic Selloff,Downward trend with high volatility - Market stress/crisis
2024-09-11,Bear,Low-Vol,0.9920400240530537,0.008106232110106018,Quiet Bear,Downward trend with low volatility - Steady decline
2024-09-12,Bear,Low-Vol,0.9864263980789603,0.008264273391869453,Quiet Bear,Downward trend with low volatility - Steady decline
2024-09-13,Bear,High-Vol,0.9924135728672343,0.00945221062549282,Panic Selloff,Downward trend with high volatility - Market stress/crisis
2024-09-16,Bear,Low-Vol,0.9932259035058388,0.00822969018110007,Quiet Bear,Downward trend with low volatility - Steady decline
2024-09-17,Bear,Low-Vol,0.9933151187173033,0.008288258780261466,Quiet Bear,Downward trend with low volatility - Steady decline
2024-09-18,Bear,Low-Vol,0.9872106261133359,0.008036615115252542,Quiet Bear,Downward trend with low volatility - Steady decline
2024-09-19,Bear,High-Vol,0.9819375770214686,0.009024854752230074,Panic Selloff,Downward trend with high volatility - Market stress/crisis
2024-09-20,Bear,Low-Vol,0.9561064660190204,0.008720022215373888,Quiet Bear,Downward trend with low volatility - Steady decline
2024-09-23,Bear,High-Vol,0.9882981276563649,0.01104624360805714,Panic Selloff,Downward trend with high volatility - Market stress/crisis
2024-09-24,Bear,Low-Vol,0.9932860703554713,0.008083774168852649,Quiet Bear,Downward trend with low volatility - Steady decline
2024-09-25,Bear,Low-Vol,0.9935390864843998,0.008116309854452924,Quiet Bear,Downward trend with low volatility - Steady decline
2024-09-26,Bear,Low-Vol,0.9904793762465092,0.008112342501601548,Quiet Bear,Downward trend with low volatility - Steady decline
2024-09-27,Bear,Low-Vol,0.9701133181292735,0.008090102126807257,Quiet Bear,Downward trend with low volatility - Steady decline
2024-09-30,Bear,High-Vol,0.9115938517047587,0.009047763847788867,Panic Selloff,Downward trend with high volatility - Market stress/crisis
2024-10-01,Bear,High-Vol,0.913215495100371,0.011141896762004782,Panic Selloff,Downward trend with high volatility - Market stress/crisis
2024-10-03,Bear,Low-Vol,0.7229334775367708,0.008036754560014778,Quiet Bear,Downward trend with low volatility - Steady decline
2024-10-04,Bear,High-Vol,0.8572941418415913,0.013087097318805689,Panic Selloff,Downward trend with high volatility - Market stress/crisis
2024-10-07,Bear,Low-Vol,0.8283967101395148,0.008589779310562744,Quiet Bear,Downward trend with low volatility - Steady decline
2024-10-08,Bear,High-Vol,0.9498220718936585,0.012005475546997183,Panic Selloff,Downward trend with high volatility - Market stress/crisis
2024-10-09,Bear,High-Vol,0.9862005550358515,0.008958003020251352,Panic Selloff,Downward trend with high volatility - Market stress/crisis
2024-10-10,Bear,Low-Vol,0.9875731153984033,0.008030304640334149,Quiet Bear,Downward trend with low volatility - Steady decline
2024-10-11,Bear,High-Vol,0.9872335335549871,0.008889731625582358,Panic Selloff,Downward trend with high volatility - Market stress/crisis
2024-10-14,Bear,Low-Vol,0.9784186057029085,0.008730954123564498,Quiet Bear,Downward trend with low volatility - Steady decline
2024-10-15,Bear,High-Vol,0.9913018868642045,0.010044555592153982,Panic Selloff,Downward trend with high volatility - Market stress/crisis
2024-10-16,Bear,Low-Vol,0.9899256970656883,0.008035505866864901,Quiet Bear,Downward trend with low volatility - Steady decline
2024-10-17,Bear,Low-Vol,0.9722359609252281,0.00819181813800144,Quiet Bear,Downward trend with low volatility - Steady decline
2024-10-18,Bear,High-Vol,0.9453956779827303,0.00950677776634919,Panic Selloff,Downward trend with high volatility - Market stress/crisis
2024-10-21,Bear,High-Vol,0.9794450148262204,0.011089851803840088,Panic Selloff,Downward trend with high volatility - Market stress/crisis
2024-10-22,Bear,Low-Vol,0.9793089218236969,0.00851713544999083,Quiet Bear,Downward trend with low volatility - Steady decline
2024-10-23,Bear,High-Vol,0.9904656294379326,0.009792471272084062,Panic Selloff,Downward trend with high volatility - Market stress/crisis
2024-10-24,Bear,Low-Vol,0.9849522741091024,0.008047323380417354,Quiet Bear,Downward trend with low volatility - Steady decline
2024-10-25,Bear,Low-Vol,0.9561647565809581,0.00847022617621793,Quiet Bear,Downward trend with low volatility - Steady decline
2024-10-28,Bear,High-Vol,0.9556211272719198,0.010533092399738507,Panic Selloff,Downward trend with high volatility - Market stress/crisis
2024-10-29,Bear,High-Vol,0.9102382148408308,0.00901265553674654,Panic Selloff,Downward trend with high volatility - Market stress/crisis
2024-10-30,Bear,High-Vol,0.9680259022836796,0.011642253335522254,Panic Selloff,Downward trend with high volatility - Market stress/crisis
2024-10-31,Bear,High-Vol,0.9869296279534926,0.009068382011358239,Panic Selloff,Downward trend with high volatility - Market stress/crisis
2024-11-01,Bear,Low-Vol,0.9903762350687285,0.008553185263034868,Quiet Bear,Downward trend with low volatility - Steady decline
2024-11-04,Bear,Low-Vol,0.9774699496384619,0.008070446274056977,Quiet Bear,Downward trend with low volatility - Steady decline
2024-11-05,Bear,High-Vol,0.9478230401539803,0.009144023257760654,Panic Selloff,Downward trend with high volatility - Market stress/crisis
2024-11-06,Bear,High-Vol,0.9824914440260949,0.01115381374202036,Panic Selloff,Downward trend with high volatility - Market stress/crisis
2024-11-07,Bear,Low-Vol,0.9838148448450775,0.008335764087100633,Quiet Bear,Downward trend with low volatility - Steady decline
2024-11-08,Bear,High-Vol,0.9871483814241697,0.009316371407509572,Panic Selloff,Downward trend with high volatility - Market stress/crisis
2024-11-11,Bear,Low-Vol,0.9834055094831596,0.008779106371175962,Quiet Bear,Downward trend with low volatility - Steady decline
2024-11-12,Bear,Low-Vol,0.9479909246066923,0.008347035258959997,Quiet Bear,Downward trend with low volatility - Steady decline
2024-11-13,Bear,High-Vol,0.930476529010318,0.010397947715128877,Panic Selloff,Downward trend with high volatility - Market stress/crisis
2024-11-14,Bear,High-Vol,0.9844324914172671,0.011325858204902903,Panic Selloff,Downward trend with high volatility - Market stress/crisis
2024-11-18,Bear,Low-Vol,0.9925657337339907,0.00806402879621163,Quiet Bear,Downward trend with low volatility - Steady decline
2024-11-19,Bear,Low-Vol,0.992464853919843,0.008076446409926764,Quiet Bear,Downward trend with low volatility - Steady decline
2024-11-21,Bear,Low-Vol,0.9832290984892305,0.00805928437460674,Quiet Bear,Downward trend with low volatility - Steady decline
2024-11-22,Bear,Low-Vol,0.9215343738721656,0.008040825485596963,Quiet Bear,Downward trend with low volatility - Steady decline
2024-11-25,Bear,High-Vol,0.8258978551648405,0.009884776242311717,Panic Selloff,Downward trend with high volatility - Market stress/crisis
2024-11-26,Bear,High-Vol,0.9682326583971661,0.012648031882159938,Panic Selloff,Downward trend with high volatility - Market stress/crisis
2024-11-27,Bear,Low-Vol,0.9898500437820702,0.00804198147912769,Quiet Bear,Downward trend with low volatility - Steady decline
2024-11-28,Bear,Low-Vol,0.9916650264856651,0.00807324068090186,Quiet Bear,Downward trend with low volatility - Steady decline
2024-11-29,Bear,Low-Vol,0.994013158407475,0.00862722743229287,Quiet Bear,Downward trend with low volatility - Steady decline
2024-12-02,Bear,Low-Vol,0.9932241624211552,0.008029286768496076,Quiet Bear,Downward trend with low volatility - Steady decline
2024-12-03,Bear,Low-Vol,0.986186933264109,0.008049854695358752,Quiet Bear,Downward trend with low volatility - Steady decline
2024-12-04,Bear,High-Vol,0.9848417086891472,0.009258338342319351,Panic Selloff,Downward trend with high volatility - Market stress/crisis
2024-12-05,Bear,High-Vol,0.9906813020075593,0.009376474033463714,Panic Selloff,Downward trend with high volatility - Market stress/crisis
2024-12-06,Bear,Low-Vol,0.9937581978958482,0.00857061381979075,Quiet Bear,Downward trend with low volatility - Steady decline
2024-12-09,Bear,Low-Vol,0.9943371809297387,0.008128871375596211,Quiet Bear,Downward trend with low volatility - Steady decline
2024-12-10,Bear,Low-Vol,0.9940644191350976,0.008080496361915553,Quiet Bear,Downward trend with low volatility - Steady decline
2024-12-11,Bear,Low-Vol,0.9934913893537981,0.008150830791300679,Quiet Bear,Downward trend with low volatility - Steady decline
2024-12-12,Bear,Low-Vol,0.9932580148246234,0.008324824649731239,Quiet Bear,Downward trend with low volatility - Steady decline
2024-12-13,Bear,Low-Vol,0.9902938348609492,0.008217797316741233,Quiet Bear,Downward trend with low volatility - Steady decline
2024-12-16,Bear,Low-Vol,0.9884439984964413,0.008763341032883102,Quiet Bear,Downward trend with low volatility - Steady decline
2024-12-17,Bear,Low-Vol,0.96530220157186,0.00820829319753389,Quiet Bear,Downward trend with low volatility - Steady decline
2024-12-18,Bear,High-Vol,0.9640279945167209,0.010323395829876278,Panic Selloff,Downward trend with high volatility - Market stress/crisis
2024-12-19,Bear,High-Vol,0.9596849167060496,0.009743262220131743,Panic Selloff,Downward trend with high volatility - Market stress/crisis
2024-12-20,Bear,High-Vol,0.9528931729477569,0.009829247050185978,Panic Selloff,Downward trend with high volatility - Market stress/crisis
2024-12-23,Bear,High-Vol,0.9817520028950315,0.010694693972979372,Panic Selloff,Downward trend with high volatility - Market stress/crisis
2024-12-24,Bear,Low-Vol,0.992624263321098,0.008855059598945066,Quiet Bear,Downward trend with low volatility - Steady decline
2024-12-26,Bear,Low-Vol,0.9940703373593729,0.008040750085653123,Quiet Bear,Downward trend with low volatility - Steady decline
2024-12-27,Bear,Low-Vol,0.9936122725846724,0.008087025233618324,Quiet Bear,Downward trend with low volatility - Steady decline
2024-12-30,Bear,Low-Vol,0.9895192718094553,0.008086619558668608,Quiet Bear,Downward trend with low volatility - Steady decline
2024-12-31,Bear,High-Vol,0.992973868523105,0.009155964719944693,Panic Selloff,Downward trend with high volatility - Market stress/crisis
2025-01-01,Bear,Low-Vol,0.9890664870592325,0.008039563137865871,Quiet Bear,Downward trend with low volatility - Steady decline
2025-01-02,Bear,Low-Vol,0.9658506036577712,0.008203559705903071,Quiet Bear,Downward trend with low volatility - Steady decline
2025-01-03,Bear,High-Vol,0.9070748593728142,0.00915841271101444,Panic Selloff,Downward trend with high volatility - Market stress/crisis
2025-01-06,Bear,High-Vol,0.8205820263471784,0.010068912391761851,Panic Selloff,Downward trend with high volatility - Market stress/crisis
2025-01-07,Bear,High-Vol,0.9572217732329658,0.012624710024392591,Panic Selloff,Downward trend with high volatility - Market stress/crisis
2025-01-08,Bear,Low-Vol,0.9748598251255522,0.00823488842468504,Quiet Bear,Downward trend with low volatility - Steady decline
2025-01-09,Bear,Low-Vol,0.9627086181107796,0.00877773891772205,Quiet Bear,Downward trend with low volatility - Steady decline
2025-01-10,Bear,Low-Vol,0.8745750662923135,0.008557288359812613,Quiet Bear,Downward trend with low volatility - Steady decline
2025-01-13,Bear,High-Vol,0.8455423368695458,0.011111616811277827,Panic Selloff,Downward trend with high volatility - Market stress/crisis
2025-01-14,Bear,High-Vol,0.8531814915242797,0.010899283347666728,Panic Selloff,Downward trend with high volatility - Market stress/crisis
2025-01-15,Bear,High-Vol,0.9367781417670148,0.011219848681078804,Panic Selloff,Downward trend with high volatility - Market stress/crisis
2025-01-16,Bear,Low-Vol,0.9020590676280176,0.008125427636462589,Quiet Bear,Downward trend with low volatility - Steady decline
2025-01-17,Bear,High-Vol,0.823664479359537,0.009741980007171684,Panic Selloff,Downward trend with high volatility - Market stress/crisis
2025-01-20,Bear,High-Vol,0.842306642241298,0.011537281259204238,Panic Selloff,Downward trend with high volatility - Market stress/crisis
2025-01-21,Bear,High-Vol,0.8976404088982882,0.010814452296168377,Panic Selloff,Downward trend with high volatility - Market stress/crisis
2025-01-22,Bear,High-Vol,0.9782381523913274,0.010710863536917279,Panic Selloff,Downward trend with high volatility - Market stress/crisis
2025-01-23,Bear,Low-Vol,0.9903185636331883,0.00810175181378371,Quiet Bear,Downward trend with low volatility - Steady decline
2025-01-24,Bear,Low-Vol,0.9897810941055419,0.008255997797801552,Quiet Bear,Downward trend with low volatility - Steady decline
2025-01-27,Bear,Low-Vol,0.9801263808923407,0.008460694866352182,Quiet Bear,Downward trend with low volatility - Steady decline
2025-01-28,Bear,Low-Vol,0.941991328314783,0.00873177705074367,Quiet Bear,Downward trend with low volatility - Steady decline
2025-01-29,Bear,High-Vol,0.983476928568603,0.011401339908644519,Panic Selloff,Downward trend with high volatility - Market stress/crisis
2025-01-30,Bear,Low-Vol,0.9917159064095272,0.0083756342200509,Quiet Bear,Downward trend with low volatility - Steady decline
2025-01-31,Bear,Low-Vol,0.9931785292893762,0.008273541575771681,Quiet Bear,Downward trend with low volatility - Steady decline
2025-02-01,Bear,Low-Vol,0.9922798393029347,0.008220163816025057,Quiet Bear,Downward trend with low volatility - Steady decline
2025-02-03,Bear,Low-Vol,0.9822571019533826,0.008112268376822591,Quiet Bear,Downward trend with low volatility - Steady decline
2025-02-04,Bear,Low-Vol,0.9430087549466052,0.008608865516187727,Quiet Bear,Downward trend with low volatility - Steady decline
2025-02-05,Bear,High-Vol,0.9855628266230109,0.011440435450386222,Panic Selloff,Downward trend with high volatility - Market stress/crisis
2025-02-06,Bear,Low-Vol,0.9927592598103546,0.008166656783610178,Quiet Bear,Downward trend with low volatility - Steady decline
2025-02-07,Bear,Low-Vol,0.9926414127820083,0.008081015165395368,Quiet Bear,Downward trend with low volatility - Steady decline
2025-02-10,Bear,Low-Vol,0.9906528990840586,0.008368145348246855,Quiet Bear,Downward trend with low volatility - Steady decline
2025-02-11,Bear,Low-Vol,0.9806131982220535,0.008406135340335958,Quiet Bear,Downward trend with low volatility - Steady decline
2025-02-12,Bear,High-Vol,0.9918188957858852,0.01006020376628022,Panic Selloff,Downward trend with high volatility - Market stress/crisis
2025-02-13,Bear,Low-Vol,0.9930998386359866,0.008137877366591105,Quiet Bear,Downward trend with low volatility - Steady decline
2025-02-14,Bear,Low-Vol,0.9923958463021245,0.008281907365068763,Quiet Bear,Downward trend with low volatility - Steady decline
2025-02-17,Bear,Low-Vol,0.9932668788119877,0.008569351306452304,Quiet Bear,Downward trend with low volatility - Steady decline
2025-02-18,Bear,Low-Vol,0.9925535565496515,0.008240640984771851,Quiet Bear,Downward trend with low volatility - Steady decline
2025-02-19,Bear,Low-Vol,0.9895105090569849,0.008362931034328077,Quiet Bear,Downward trend with low volatility - Steady decline
2025-02-20,Bear,High-Vol,0.9918244363643123,0.009006479275258491,Panic Selloff,Downward trend with high volatility - Market stress/crisis
2025-02-21,Bear,Low-Vol,0.9901888339211182,0.008398565370965583,Quiet Bear,Downward trend with low volatility - Steady decline
2025-02-24,Bear,High-Vol,0.9924166171352805,0.00893975244637206,Panic Selloff,Downward trend with high volatility - Market stress/crisis
2025-02-25,Bear,Low-Vol,0.9941246976456656,0.008470567337819236,Quiet Bear,Downward trend with low volatility - Steady decline
2025-02-27,Bear,Low-Vol,0.9940370265954148,0.008080570683016429,Quiet Bear,Downward trend with low volatility - Steady decline
2025-02-28,Bear,Low-Vol,0.9909437974561861,0.00803164110612945,Quiet Bear,Downward trend with low volatility - Steady decline
2025-03-03,Bear,High-Vol,0.9937810146339189,0.008951867795572409,Panic Selloff,Downward trend with high volatility - Market stress/crisis
2025-03-04,Bear,Low-Vol,0.9942397570391999,0.008129515852408809,Quiet Bear,Downward trend with low volatility - Steady decline
2025-03-05,Bear,Low-Vol,0.9938954409223251,0.008089849163412514,Quiet Bear,Downward trend with low volatility - Steady decline
2025-03-06,Bear,Low-Vol,0.9943211482775488,0.008236674236309235,Quiet Bear,Downward trend with low volatility - Steady decline
2025-03-07,Bear,Low-Vol,0.9936995342234339,0.008060983627827856,Quiet Bear,Downward trend with low volatility - Steady decline
2025-03-10,Bear,Low-Vol,0.9921952030719378,0.008222384493429798,Quiet Bear,Downward trend with low volatility - Steady decline
2025-03-11,Bear,Low-Vol,0.9921053750926707,0.00859167128767492,Quiet Bear,Downward trend with low volatility - Steady decline
2025-03-12,Bear,Low-Vol,0.993067189668959,0.00858724099455258,Quiet Bear,Downward trend with low volatility - Steady decline
2025-03-13,Bear,Low-Vol,0.9896727032993465,0.008149722282881699,Quiet Bear,Downward trend with low volatility - Steady decline
2025-03-17,Bear,Low-Vol,0.9638695891692399,0.008049955994002557,Quiet Bear,Downward trend with low volatility - Steady decline
2025-03-18,Bear,Low-Vol,0.8480429104002931,0.008532058605829677,Quiet Bear,Downward trend with low volatility - Steady decline
2025-03-19,Bear,High-Vol,0.9470390999115287,0.012551877955814892,Panic Selloff,Downward trend with high volatility - Market stress/crisis
2025-03-20,Bear,Low-Vol,0.9551118548556855,0.008596058696261673,Quiet Bear,Downward trend with low volatility - Steady decline
2025-03-21,Bear,Low-Vol,0.8777671577634579,0.008337600196888558,Quiet Bear,Downward trend with low volatility - Steady decline
2025-03-24,Bear,High-Vol,0.6901422326764226,0.009528271921374143,Panic Selloff,Downward trend with high volatility - Market stress/crisis
2025-03-25,Bear,High-Vol,0.9301735430969351,0.013436473628111893,Panic Selloff,Downward trend with high volatility - Market stress/crisis
2025-03-26,Bear,Low-Vol,0.9787382763451673,0.008542036315014384,Quiet Bear,Downward trend with low volatility - Steady decline
2025-03-27,Bear,Low-Vol,0.9884399985773485,0.008581266553085215,Quiet Bear,Downward trend with low volatility - Steady decline
2025-03-28,Bear,Low-Vol,0.9891988623631582,0.00856335072821842,Quiet Bear,Downward trend with low volatility - Steady decline
2025-04-01,Bear,Low-Vol,0.9671260317033772,0.008032007135586461,Quiet Bear,Downward trend with low volatility - Steady decline
2025-04-02,Bear,High-Vol,0.9709262522556442,0.010395903495427865,Panic Selloff,Downward trend with high volatility - Market stress/crisis
2025-04-03,Bear,High-Vol,0.9592039689587238,0.009222686034118755,Panic Selloff,Downward trend with high volatility - Market stress/crisis
2025-04-04,Bear,Low-Vol,0.8380198186808905,0.008194332680095335,Quiet Bear,Downward trend with low volatility - Steady decline
2025-04-07,Bull,Low-Vol,0.9449736561164737,0.008076687517606537,Quiet Bull,Upward trend with low volatility - Ideal for trend following
2025-04-08,Bull,High-Vol,0.6078766632165534,0.01655305062392566,Volatile Bull,Upward trend with high volatility - Choppy upward movement
2025-04-09,Bull,High-Vol,0.504839612009533,0.009592736226892887,Volatile Bull,Upward trend with high volatility - Choppy upward movement
2025-04-11,Bull,Low-Vol,0.674535524357241,0.008569339322766278,Quiet Bull,Upward trend with low volatility - Ideal for trend following
2025-04-15,Bull,High-Vol,0.9558828978454834,0.010306855268104563,Volatile Bull,Upward trend with high volatility - Choppy upward movement
2025-04-16,Bull,High-Vol,0.8430757765621051,0.014904361129227515,Volatile Bull,Upward trend with high volatility - Choppy upward movement
2025-04-17,Bull,High-Vol,0.8399914148447002,0.009979777251865447,Volatile Bull,Upward trend with high volatility - Choppy upward movement
2025-04-21,Bull,High-Vol,0.6317804274491033,0.012638852568481544,Volatile Bull,Upward trend with high volatility - Choppy upward movement
2025-04-22,Bear,High-Vol,0.8806751074155079,0.01184289667860971,Panic Selloff,Downward trend with high volatility - Market stress/crisis
2025-04-23,Bear,Low-Vol,0.9709172433126254,0.008266802372279704,Quiet Bear,Downward trend with low volatility - Steady decline
2025-04-24,Bear,Low-Vol,0.9852667503901881,0.00835595278537259,Quiet Bear,Downward trend with low volatility - Steady decline
2025-04-25,Bear,Low-Vol,0.9728408033353809,0.008245234449090288,Quiet Bear,Downward trend with low volatility - Steady decline
2025-04-28,Bear,High-Vol,0.9572105505606773,0.009589441826637847,Panic Selloff,Downward trend with high volatility - Market stress/crisis
2025-04-29,Bear,High-Vol,0.9876562664992536,0.010805901513853682,Panic Selloff,Downward trend with high volatility - Market stress/crisis
2025-04-30,Bear,Low-Vol,0.9910193277512834,0.008142062019614317,Quiet Bear,Downward trend with low volatility - Steady decline
2025-05-02,Bear,Low-Vol,0.9931667494490193,0.00863415817150207,Quiet Bear,Downward trend with low volatility - Steady decline
2025-05-05,Bear,Low-Vol,0.9890205006874992,0.008046223128794508,Quiet Bear,Downward trend with low volatility - Steady decline
2025-05-06,Bear,Low-Vol,0.9634752290887523,0.008175256078929412,Quiet Bear,Downward trend with low volatility - Steady decline
2025-05-07,Bear,High-Vol,0.9597777543562122,0.010344427331713453,Panic Selloff,Downward trend with high volatility - Market stress/crisis
2025-05-08,Bear,Low-Vol,0.9024126795560302,0.008806116493681394,Quiet Bear,Downward trend with low volatility - Steady decline
2025-05-09,Bear,High-Vol,0.7142567728014454,0.009218136501601613,Panic Selloff,Downward trend with high volatility - Market stress/crisis
2025-05-12,Bull,High-Vol,0.9379091909284984,0.009136956034810047,Volatile Bull,Upward trend with high volatility - Choppy upward movement
2025-05-13,Bear,High-Vol,0.7623179438319384,0.016784797908341274,Panic Selloff,Downward trend with high volatility - Market stress/crisis
2025-05-14,Bear,High-Vol,0.9537347853047652,0.009009879280936458,Panic Selloff,Downward trend with high volatility - Market stress/crisis
2025-05-15,Bear,Low-Vol,0.9816594395886789,0.008112727709307311,Quiet Bear,Downward trend with low volatility - Steady decline
2025-05-16,Bear,High-Vol,0.9925627075370712,0.008882710494607416,Panic Selloff,Downward trend with high volatility - Market stress/crisis
2025-05-19,Bear,Low-Vol,0.9936533469224574,0.00803018588452951,Quiet Bear,Downward trend with low volatility - Steady decline
2025-05-20,Bear,Low-Vol,0.9900632723870533,0.008030168943039625,Quiet Bear,Downward trend with low volatility - Steady decline
2025-05-21,Bear,High-Vol,0.9937061899500755,0.00909520089172354,Panic Selloff,Downward trend with high volatility - Market stress/crisis
2025-05-22,Bear,Low-Vol,0.9938949967299993,0.008075653174383395,Quiet Bear,Downward trend with low volatility - Steady decline
2025-05-23,Bear,Low-Vol,0.9918594960344023,0.008110598278315072,Quiet Bear,Downward trend with low volatility - Steady decline
2025-05-26,Bear,Low-Vol,0.9938382500200375,0.008706988736171957,Quiet Bear,Downward trend with low volatility - Steady decline
2025-05-27,Bear,Low-Vol,0.9937804639009375,0.00811347226825215,Quiet Bear,Downward trend with low volatility - Steady decline
2025-05-28,Bear,Low-Vol,0.9943301418628427,0.00828163599652037,Quiet Bear,Downward trend with low volatility - Steady decline
2025-05-29,Bear,Low-Vol,0.9935664486632296,0.008046636299158829,Quiet Bear,Downward trend with low volatility - Steady decline
2025-05-30,Bear,Low-Vol,0.9944717569446438,0.008341991325210506,Quiet Bear,Downward trend with low volatility - Steady decline
2025-06-02,Bear,Low-Vol,0.9942886769713706,0.008031173124794138,Quiet Bear,Downward trend with low volatility - Steady decline
2025-06-03,Bear,Low-Vol,0.9927305395572715,0.008053064959457273,Quiet Bear,Downward trend with low volatility - Steady decline
2025-06-04,Bear,Low-Vol,0.9938258192178984,0.008570061100231402,Quiet Bear,Downward trend with low volatility - Steady decline
2025-06-05,Bear,Low-Vol,0.9918661754325192,0.00806766305786815,Quiet Bear,Downward trend with low volatility - Steady decline
2025-06-06,Bear,Low-Vol,0.978507847701381,0.008084357062535616,Quiet Bear,Downward trend with low volatility - Steady decline
2025-06-09,Bear,High-Vol,0.9908566174812808,0.010160780728138174,Panic Selloff,Downward trend with high volatility - Market stress/crisis
2025-06-10,Bear,Low-Vol,0.9926217038317208,0.008250395352917656,Quiet Bear,Downward trend with low volatility - Steady decline
2025-06-11,Bear,Low-Vol,0.9932277400963883,0.00840556240617885,Quiet Bear,Downward trend with low volatility - Steady decline
2025-06-12,Bear,Low-Vol,0.9898165875062365,0.008159113777301958,Quiet Bear,Downward trend with low volatility - Steady decline
2025-06-13,Bear,High-Vol,0.9896999628323652,0.00895373578966941,Panic Selloff,Downward trend with high volatility - Market stress/crisis
2025-06-16,Bear,High-Vol,0.9912154809802751,0.00889407678894142,Panic Selloff,Downward trend with high volatility - Market stress/crisis
2025-06-17,Bear,Low-Vol,0.9924133384423632,0.008598152516162841,Quiet Bear,Downward trend with low volatility - Steady decline
2025-06-18,Bear,Low-Vol,0.9935454773433159,0.008490343072821758,Quiet Bear,Downward trend with low volatility - Steady decline
2025-06-19,Bear,Low-Vol,0.9903994493938223,0.008066255998369734,Quiet Bear,Downward trend with low volatility - Steady decline
2025-06-20,Bear,Low-Vol,0.9812235195689204,0.008523739844510131,Quiet Bear,Downward trend with low volatility - Steady decline
2025-06-23,Bear,High-Vol,0.9912378290519315,0.009903346236150027,Panic Selloff,Downward trend with high volatility - Market stress/crisis
2025-06-24,Bear,Low-Vol,0.9911090676707469,0.008228145639971313,Quiet Bear,Downward trend with low volatility - Steady decline
2025-06-25,Bear,Low-Vol,0.9930967404599099,0.008714077222215543,Quiet Bear,Downward trend with low volatility - Steady decline
2025-06-26,Bear,Low-Vol,0.9888575301688862,0.008061357684279027,Quiet Bear,Downward trend with low volatility - Steady decline
2025-06-27,Bear,High-Vol,0.9930989823009866,0.00918341935548962,Panic Selloff,Downward trend with high volatility - Market stress/crisis
2025-06-30,Bear,Low-Vol,0.9941892559796306,0.008203857224686008,Quiet Bear,Downward trend with low volatility - Steady decline
2025-07-01,Bear,Low-Vol,0.9938338092686859,0.00808374545557872,Quiet Bear,Downward trend with low volatility - Steady decline
2025-07-02,Bear,Low-Vol,0.9902921129752532,0.008063421217155788,Quiet Bear,Downward trend with low volatility - Steady decline
2025-07-03,Bear,High-Vol,0.9931331072005477,0.009037511573055186,Panic Selloff,Downward trend with high volatility - Market stress/crisis
2025-07-04,Bear,Low-Vol,0.9935439864563598,0.008256292209049377,Quiet Bear,Downward trend with low volatility - Steady decline
2025-07-07,Bear,Low-Vol,0.9940275142939593,0.008269378070414599,Quiet Bear,Downward trend with low volatility - Steady decline
2025-07-08,Bear,Low-Vol,0.9933439511680038,0.008136077943226955,Quiet Bear,Downward trend with low volatility - Steady decline
2025-07-09,Bear,Low-Vol,0.9942373639253383,0.008376624501209191,Quiet Bear,Downward trend with low volatility - Steady decline
2025-07-10,Bear,Low-Vol,0.993701238915317,0.008072886634798476,Quiet Bear,Downward trend with low volatility - Steady decline
2025-07-11,Bear,Low-Vol,0.9935310846130412,0.008285191009799188,Quiet Bear,Downward trend with low volatility - Steady decline
2025-07-14,Bear,Low-Vol,0.9943629368675513,0.00835080117948412,Quiet Bear,Downward trend with low volatility - Steady decline
2025-07-15,Bear,Low-Vol,0.9936491130857971,0.00803011817657334,Quiet Bear,Downward trend with low volatility - Steady decline
2025-07-16,Bear,Low-Vol,0.9940023445801465,0.008297826822582163,Quiet Bear,Downward trend with low volatility - Steady decline
2025-07-17,Bear,Low-Vol,0.9912177208988447,0.008031558837565239,Quiet Bear,Downward trend with low volatility - Steady decline
2025-07-18,Bear,Low-Vol,0.9844087253551969,0.008497173393117558,Quiet Bear,Downward trend with low volatility - Steady decline
2025-07-21,Bear,High-Vol,0.9824849348478416,0.009390180032636773,Panic Selloff,Downward trend with high volatility - Market stress/crisis
2025-07-22,Bear,High-Vol,0.9911927864453042,0.009592855605811862,Panic Selloff,Downward trend with high volatility - Market stress/crisis
2025-07-23,Bear,Low-Vol,0.9902265379913462,0.008248213420123935,Quiet Bear,Downward trend with low volatility - Steady decline
2025-07-24,Bear,Low-Vol,0.9913167072123338,0.008805320273392075,Quiet Bear,Downward trend with low volatility - Steady decline
2025-07-25,Bear,Low-Vol,0.9815724001106096,0.008181961425461914,Quiet Bear,Downward trend with low volatility - Steady decline
